[{"model": "work.safetychecktype", "pk": 1, "fields": {"title": "구조 일반 사항"}}, {"model": "work.safetychecktype", "pk": 2, "fields": {"title": "설계하중"}}, {"model": "work.safetychecktype", "pk": 3, "fields": {"title": "구조해석"}}, {"model": "work.safetychecktype", "pk": 4, "fields": {"title": "구조검토"}}, {"model": "work.safetycheckmenu", "pk": 1, "fields": {"content": "시공상세도면이 구조검토 관련 적용기준에 적합하게 작성되었는가", "checkType": 1}}, {"model": "work.safetycheckmenu", "pk": 2, "fields": {"content": "사용되는 재료의 규격 및 재질이 한국산업표준을 따르는가", "checkType": 1}}, {"model": "work.safetycheckmenu", "pk": 3, "fields": {"content": "한국기술사회에 등록된 구조기술사의 승인 도장이 있는가", "checkType": 1}}, {"model": "work.safetycheckmenu", "pk": 4, "fields": {"content": "구조검토에 적용된 연직하중은 시공상세도면 및 작업조건과 부합하는가", "checkType": 2}}, {"model": "work.safetycheckmenu", "pk": 5, "fields": {"content": "구조검토에 적용된 수평하중은 시공상세도면 및 작업조건과 부합하는가", "checkType": 2}}, {"model": "work.safetycheckmenu", "pk": 6, "fields": {"content": "구조검토에 적용된 풍하중은 시공상세도면 및 작업조건과 부합하는가", "checkType": 2}}, {"model": "work.safetycheckmenu", "pk": 7, "fields": {"content": "기타 추가적인 하중(장비하중 등)은 적절하게 적용되었는가", "checkType": 2}}, {"model": "work.safetycheckmenu", "pk": 8, "fields": {"content": "3차원 해석이 실시되었는가", "checkType": 3}}, {"model": "work.safetycheckmenu", "pk": 9, "fields": {"content": "시공상세도면과 3차원 해석모델이 일치하는가", "checkType": 3}}, {"model": "work.safetycheckmenu", "pk": 10, "fields": {"content": "수직재와 수평재의 접합 부위의 지점조건은 적합한가", "checkType": 3}}, {"model": "work.safetycheckmenu", "pk": 11, "fields": {"content": "수평하중에 의한 수평변위는 적합한가", "checkType": 3}}, {"model": "work.safetycheckmenu", "pk": 12, "fields": {"content": "가새재가 적절히 사용되었는가", "checkType": 3}}, {"model": "work.safetycheckmenu", "pk": 13, "fields": {"content": "벽이음재 설치시 설치 간격은 적정한가", "checkType": 3}}, {"model": "work.safetycheckmenu", "pk": 14, "fields": {"content": "각 부재 설계시 고려된 산정식은 적합한가", "checkType": 4}}, {"model": "work.safetycheckmenu", "pk": 15, "fields": {"content": "이론식에 따른 최대 산정하중은 실제 가설기자재 성능 시험검사의 최대허용하중과 비교하였는가", "checkType": 4}}, {"model": "work.safetycheckmenu", "pk": 16, "fields": {"content": "각 부재는 안전율을 만족하는가", "checkType": 4}}, {"model": "work.beforeinspectionitem", "pk": 1, "fields": {"title": "연약 지반 침하방지를 위한 적절한 조치가 실시되었는가", "equipment": "1"}}, {"model": "work.beforeinspectionitem", "pk": 2, "fields": {"title": "경사 지반의 수평 유지를 위한 적절한 조치가 실시되었는가", "equipment": "1"}}, {"model": "work.beforeinspectionitem", "pk": 3, "fields": {"title": "설치 장소 내 가공선로의 간섭을 확인하였는가", "equipment": "1"}}, {"model": "work.beforeinspectionitem", "pk": 4, "fields": {"title": "모든 작업자는 안전교육을 이수하였는가", "equipment": "1"}}, {"model": "work.beforeinspectionitem", "pk": 5, "fields": {"title": "설치 장소 내 적절한 출입금지 조치(작업자 제외)가 실시되었는가", "equipment": "1"}}, {"model": "work.beforeinspectionitem", "pk": 6, "fields": {"title": "모든 작업자는 악천후 시 작업금지 및 위험구역 출입금지 조치에 대해 전달 받았는가", "equipment": "1"}}, {"model": "work.beforeinspectionitem", "pk": 7, "fields": {"title": "연약 지반 침하방지를 위한 적절한 조치가 실시되었는가", "equipment": "2"}}, {"model": "work.beforeinspectionitem", "pk": 8, "fields": {"title": "경사 지반의 수평 유지를 위한 적절한 조치가 실시되었는가", "equipment": "2"}}, {"model": "work.beforeinspectionitem", "pk": 9, "fields": {"title": "설치 장소 내 가공선로의 간섭을 확인하였는가", "equipment": "2"}}, {"model": "work.beforeinspectionitem", "pk": 10, "fields": {"title": "모든 작업자는 안전교육을 이수하였는가", "equipment": "2"}}, {"model": "work.beforeinspectionitem", "pk": 11, "fields": {"title": "설치 장소 내 적절한 출입금지 조치(작업자 제외)가 실시되었는가", "equipment": "2"}}, {"model": "work.beforeinspectionitem", "pk": 12, "fields": {"title": "모든 작업자는 악천후 시 작업금지 및 위험구역 출입금지 조치에 대해 전달 받았는가", "equipment": "2"}}, {"model": "work.beforeinspectionitem", "pk": 13, "fields": {"title": "연약 지반 침하방지를 위한 적절한 조치가 실시되었는가", "equipment": "3"}}, {"model": "work.beforeinspectionitem", "pk": 14, "fields": {"title": "경사 지반의 수평 유지를 위한 적절한 조치가 실시되었는가", "equipment": "3"}}, {"model": "work.beforeinspectionitem", "pk": 15, "fields": {"title": "설치 장소 내 가공선로의 간섭을 확인하였는가", "equipment": "3"}}, {"model": "work.beforeinspectionitem", "pk": 16, "fields": {"title": "모든 작업자는 안전교육을 이수하였는가", "equipment": "3"}}, {"model": "work.beforeinspectionitem", "pk": 17, "fields": {"title": "설치 장소 내 적절한 출입금지 조치(작업자 제외)가 실시되었는가", "equipment": "3"}}, {"model": "work.beforeinspectionitem", "pk": 18, "fields": {"title": "모든 작업자는 악천후 시 작업금지 및 위험구역 출입금지 조치에 대해 전달 받았는가", "equipment": "3"}}, {"model": "work.inspectionitemcategory", "pk": 1, "fields": {"type": "비계기둥"}}, {"model": "work.inspectionitemcategory", "pk": 2, "fields": {"type": "띠장"}}, {"model": "work.inspectionitemcategory", "pk": 3, "fields": {"type": "장선"}}, {"model": "work.inspectionitemcategory", "pk": 4, "fields": {"type": "가새"}}, {"model": "work.inspectionitemcategory", "pk": 5, "fields": {"type": "벽이음"}}, {"model": "work.inspectionitemcategory", "pk": 6, "fields": {"type": "작업발판"}}, {"model": "work.inspectionitemcategory", "pk": 7, "fields": {"type": "안전 난간대"}}, {"model": "work.inspectionitemcategory", "pk": 8, "fields": {"type": "추락 방호망"}}, {"model": "work.inspectionitemcategory", "pk": 9, "fields": {"type": "가설통로"}}, {"model": "work.inspectionitemcategory", "pk": 10, "fields": {"type": "경사로"}}, {"model": "work.inspectionitemcategory", "pk": 11, "fields": {"type": "기타"}}, {"model": "work.inspectionitemcategory", "pk": 12, "fields": {"type": "수직재, 수평재, 가새재"}}, {"model": "work.inspectionitemcategory", "pk": 13, "fields": {"type": "U 헤드, 장선, 멍예"}}, {"model": "work.inspectionitem", "pk": 1, "fields": {"title": "인접하는 모든 비계기둥은 밑둥잡이로 연결되었는가", "categoryId": 1, "equipment": "1"}}, {"model": "work.inspectionitem", "pk": 2, "fields": {"title": "모든 비계기둥은 띠장방향 간격이 1.5m 이상 1.8m 이하로 설치되었는가", "categoryId": 1, "equipment": "1"}}, {"model": "work.inspectionitem", "pk": 3, "fields": {"title": "모든 비계기둥은 장선방향 간격이 1.5m 이하로 설치되었는가", "categoryId": 1, "equipment": "1"}}, {"model": "work.inspectionitem", "pk": 4, "fields": {"title": "비계기둥의 최고부로부터 아래방향으로 31m를 넘는 비계기둥은 2본의 강관으로 묶어 설치되었는가", "categoryId": 1, "equipment": "1"}}, {"model": "work.inspectionitem", "pk": 5, "fields": {"title": "모든 비계기둥과 구조물 사이의 간격은 300mm 이내로 설치되었는가", "categoryId": 1, "equipment": "1"}}, {"model": "work.inspectionitem", "pk": 6, "fields": {"title": "모든 띠장의 수직간격은 1.5m 이하로 설치되었는가", "categoryId": 2, "equipment": "1"}}, {"model": "work.inspectionitem", "pk": 7, "fields": {"title": "모든 첫 번째 띠장은 지상으로부터 수직간격 2m 이내로 설치되었는가", "categoryId": 2, "equipment": "1"}}, {"model": "work.inspectionitem", "pk": 8, "fields": {"title": "띠장 겹침이음 시, 모든 띠장 간의 이격거리는 순간격 100mm 이내로 설치되었는가", "categoryId": 2, "equipment": "1"}}, {"model": "work.inspectionitem", "pk": 9, "fields": {"title": "모든 띠장과 비계기둥의 교차부는 전용 철물을 사용하여 결속되었는가", "categoryId": 2, "equipment": "1"}}, {"model": "work.inspectionitem", "pk": 10, "fields": {"title": "모든 띠장의 이음위치는 각 띠장끼리 최소 300mm 이상 엇갈리게 설치하였는가", "categoryId": 2, "equipment": "1"}}, {"model": "work.inspectionitem", "pk": 11, "fields": {"title": "모든 장선은 비계의 내·외측 기둥 또는 띠장에 결속되었는가", "categoryId": 3, "equipment": "1"}}, {"model": "work.inspectionitem", "pk": 12, "fields": {"title": "모든 장선의 간격은 1.5m 이하로 설치되었는가", "categoryId": 3, "equipment": "1"}}, {"model": "work.inspectionitem", "pk": 13, "fields": {"title": "작업발판을 맞댐형식으로 설치하는 경우, 모든 장선은 작업 발판의 내민부분이 100mm~200mm의 범위가 되도록 설치되었는가", "categoryId": 3, "equipment": "1"}}, {"model": "work.inspectionitem", "pk": 14, "fields": {"title": "모든 장선의 여장길이는 띠장에서 50mm 이상 돌출하여 설치되었는가", "categoryId": 3, "equipment": "1"}}, {"model": "work.inspectionitem", "pk": 15, "fields": {"title": "모든 가새는 비계 외측면에 40°~60° 방향으로 설치되었는가", "categoryId": 4, "equipment": "1"}}, {"model": "work.inspectionitem", "pk": 16, "fields": {"title": "모든 가새의 배치간격은 약 10m 마다 교차하여 설치되었는가", "categoryId": 4, "equipment": "1"}}, {"model": "work.inspectionitem", "pk": 17, "fields": {"title": "가새와 비계기둥의 모든 교차부는 전용 철물(회전형 클램프)을 사용하여 결속되었는가", "categoryId": 4, "equipment": "1"}}, {"model": "work.inspectionitem", "pk": 18, "fields": {"title": "모든 수평 가새는 벽이음재를 부착한 높이에 각 스팬마다 설치하여 보강되었는가", "categoryId": 4, "equipment": "1"}}, {"model": "work.inspectionitem", "pk": 19, "fields": {"title": "모든 벽이음재의 배치간격은 수직방향 5m 이하, 수평방향 5m 이하로 설치되었는가", "categoryId": 5, "equipment": "1"}}, {"model": "work.inspectionitem", "pk": 20, "fields": {"title": "모든 비계기둥과 띠장의 결합부근에 벽이음재가 설치되었는가", "categoryId": 5, "equipment": "1"}}, {"model": "work.inspectionitem", "pk": 21, "fields": {"title": "모든 비계의 최상단과 가장자리 끝부분에 벽이음재가 설치되었는가", "categoryId": 5, "equipment": "1"}}, {"model": "work.inspectionitem", "pk": 22, "fields": {"title": "모든 벽이음재는 적절한 전용 철물을 사용하여 설치되었는가", "categoryId": 5, "equipment": "1"}}, {"model": "work.inspectionitem", "pk": 23, "fields": {"title": "벽이음의 설치가 가능하지 않을 경우 버팀대를 적절히 설치하여 보강되었는가", "categoryId": 5, "equipment": "1"}}, {"model": "work.inspectionitem", "pk": 24, "fields": {"title": "모든 작업발판은 2개 이상의 지지물에 고정되었는가", "categoryId": 6, "equipment": "1"}}, {"model": "work.inspectionitem", "pk": 25, "fields": {"title": "모든 작업발판 폭은 40cm 이상으로 설치되었는가", "categoryId": 6, "equipment": "1"}}, {"model": "work.inspectionitem", "pk": 26, "fields": {"title": "모든 작업발판 틈새는 3cm 이하로 설치되었는가", "categoryId": 6, "equipment": "1"}}, {"model": "work.inspectionitem", "pk": 27, "fields": {"title": "모든 작업발판의 돌출길이는 10cm 이상 20cm 이하로 설치되었는가", "categoryId": 6, "equipment": "1"}}, {"model": "work.inspectionitem", "pk": 28, "fields": {"title": "작업발판의 최대적재하중이 표기된 표지판은 적절히 설치되었는가", "categoryId": 6, "equipment": "1"}}, {"model": "work.inspectionitem", "pk": 29, "fields": {"title": "모든 안전난간대는 비계기둥 안쪽에 설치되었는가", "categoryId": 7, "equipment": "1"}}, {"model": "work.inspectionitem", "pk": 30, "fields": {"title": "모든 안전난간대의 상부 난간대는 바닥면으로부터 0.9m 이상, 1.2m 이하의 높이로 설치되었는가", "categoryId": 7, "equipment": "1"}}, {"model": "work.inspectionitem", "pk": 31, "fields": {"title": "모든 안전난간대의 중간 난간대는 상부 난간대와 바닥면의 중앙부에 설치되었는가", "categoryId": 7, "equipment": "1"}}, {"model": "work.inspectionitem", "pk": 32, "fields": {"title": "모든 추락방호망은 작업면으로부터 망의 설치지점까지 수직거리가 10m를 초과하지 않게 설치되었는가", "categoryId": 8, "equipment": "1"}}, {"model": "work.inspectionitem", "pk": 33, "fields": {"title": "모든 추락방호망은 수평으로 설치되고, 망의 처짐은 짧은 변 길이의 12% 이상이 되도록 설치되었는가", "categoryId": 8, "equipment": "1"}}, {"model": "work.inspectionitem", "pk": 34, "fields": {"title": "건축물의 바깥쪽으로 설치하는 경우 추락방호망의 내민 길이는 벽면으로부터 3m 이상으로 설치되었는가", "categoryId": 8, "equipment": "1"}}, {"model": "work.inspectionitem", "pk": 35, "fields": {"title": "가설통로(계단)는 수평거리 30m마다 적절히 설치되었는가", "categoryId": 9, "equipment": "1"}}, {"model": "work.inspectionitem", "pk": 36, "fields": {"title": "가설통로(계단)의 높이 3m 이내마다 계단참이 설치되었는가", "categoryId": 9, "equipment": "1"}}, {"model": "work.inspectionitem", "pk": 37, "fields": {"title": "가설 통로(사다리)는 적절히 고정되었는가", "categoryId": 9, "equipment": "1"}}, {"model": "work.inspectionitem", "pk": 38, "fields": {"title": "모든 경사로는 폭 90cm 이상으로 설치되었는가", "categoryId": 10, "equipment": "1"}}, {"model": "work.inspectionitem", "pk": 39, "fields": {"title": "모든 경사로의 경사각은 30˚이하로 설치되었는가", "categoryId": 10, "equipment": "1"}}, {"model": "work.inspectionitem", "pk": 40, "fields": {"title": "모든 경사로에 미끄럼막이가 적절한 간격으로 설치되었는가", "categoryId": 10, "equipment": "1"}}, {"model": "work.inspectionitem", "pk": 41, "fields": {"title": "모든 강관 비계는 구조검토가 완료된 조립도에 따라 설치되었는가", "categoryId": 11, "equipment": "1"}}, {"model": "work.inspectionitem", "pk": 42, "fields": {"title": "작업 중 모든 작업자는 적절한 개인보호구(안전대, 안전모 등)를 착용하였는가", "categoryId": 11, "equipment": "1"}}, {"model": "work.inspectionitem", "pk": 43, "fields": {"title": "작업 중 작업지휘자는 적절히 배치되었는가", "categoryId": 11, "equipment": "1"}}, {"model": "work.inspectionitem", "pk": 44, "fields": {"title": "작업 중 작업상황 표지판은 적절히 설치되었는가", "categoryId": 11, "equipment": "1"}}, {"model": "work.inspectionitem", "pk": 45, "fields": {"title": "가설기자재 반입 및 반출, 작업공간에서 작업시 안전한 이격거리가 확보되었는가", "categoryId": 11, "equipment": "1"}}, {"model": "work.inspectionitem", "pk": 46, "fields": {"title": "동일 수직면상 상하 동시작업이 없도록 적절한 조치가 이루어졌는가", "categoryId": 11, "equipment": "1"}}, {"model": "work.inspectionitem", "pk": 47, "fields": {"title": "자재 낙하에 의한 위험 예방 조치가 이루어졌는가", "categoryId": 11, "equipment": "1"}}, {"model": "work.inspectionitem", "pk": 48, "fields": {"title": "모든 수직재-수평재는 직교한가", "categoryId": 12, "equipment": "2"}}, {"model": "work.inspectionitem", "pk": 49, "fields": {"title": "모든 수직재-수평재는 고정핀(전용철물)으로 흔들림 없이 결합되었는가", "categoryId": 12, "equipment": "2"}}, {"model": "work.inspectionitem", "pk": 50, "fields": {"title": "모든 수직재-수직재의 연결부위는 탈락이나 꺾임이 없는가", "categoryId": 12, "equipment": "2"}}, {"model": "work.inspectionitem", "pk": 51, "fields": {"title": "모든 최하부 수직재는 받침철물(잭 베이스)의 조절너트와 밀착되었는가", "categoryId": 12, "equipment": "2"}}, {"model": "work.inspectionitem", "pk": 52, "fields": {"title": "모든 수직재와 받침철물의 겹침길이는 받침철물 전체길이의 3분의 1이상으로 설치되었는가", "categoryId": 12, "equipment": "2"}}, {"model": "work.inspectionitem", "pk": 53, "fields": {"title": "대각으로 설치하는 모든 가새는 외면으로 수평면에 대해 40~60° 방향으로 설치되었는가", "categoryId": 12, "equipment": "2"}}, {"model": "work.inspectionitem", "pk": 54, "fields": {"title": "모든 벽이음재는 수직재와 수평재의 교차부에서 비계면에 대하여 직각인가", "categoryId": 5, "equipment": "2"}}, {"model": "work.inspectionitem", "pk": 55, "fields": {"title": "모든 벽이음재는 구조물과 견고하게 연결되었는가", "categoryId": 5, "equipment": "2"}}, {"model": "work.inspectionitem", "pk": 56, "fields": {"title": "벽이음의 설치가 가능하지 않을 경우 버팀대를 적절히 설치하여 보강되었는가", "categoryId": 5, "equipment": "2"}}, {"model": "work.inspectionitem", "pk": 57, "fields": {"title": "모든 작업발판은 2개 이상의 지지물에 고정되었는가", "categoryId": 6, "equipment": "2"}}, {"model": "work.inspectionitem", "pk": 58, "fields": {"title": "모든 작업발판 폭은 40cm 이상으로 설치되었는가", "categoryId": 6, "equipment": "2"}}, {"model": "work.inspectionitem", "pk": 59, "fields": {"title": "모든 작업발판 틈새는 3cm 이하로 설치되었는가", "categoryId": 6, "equipment": "2"}}, {"model": "work.inspectionitem", "pk": 60, "fields": {"title": "모든 작업발판의 돌출길이는 10cm 이상 20cm 이하로 설치되었는가", "categoryId": 6, "equipment": "2"}}, {"model": "work.inspectionitem", "pk": 61, "fields": {"title": "작업발판의 최대적재하중이 표기된 표지판은 적절히 설치되었는가", "categoryId": 6, "equipment": "2"}}, {"model": "work.inspectionitem", "pk": 62, "fields": {"title": "모든 안전난간대는 비계기둥 안쪽에 설치되었는가", "categoryId": 7, "equipment": "2"}}, {"model": "work.inspectionitem", "pk": 63, "fields": {"title": "모든 안전난간대의 상부 난간대는 바닥면으로부터 0.9m 이상, 1.2m 이하의 높이로 설치되었는가", "categoryId": 7, "equipment": "2"}}, {"model": "work.inspectionitem", "pk": 64, "fields": {"title": "모든 안전난간대의 중간 난간대는 상부 난간대와 바닥면의 중앙부에 설치되었는가", "categoryId": 7, "equipment": "2"}}, {"model": "work.inspectionitem", "pk": 65, "fields": {"title": "모든 추락방호망은 작업면으로부터 망의 설치지점까지 수직거리가 10m를 초과하지 않게 설치되었는가", "categoryId": 8, "equipment": "2"}}, {"model": "work.inspectionitem", "pk": 66, "fields": {"title": "모든 추락방호망은 수평으로 설치되고, 망의 처짐은 짧은 변 길이의 12% 이상이 되도록 설치되었는가", "categoryId": 8, "equipment": "2"}}, {"model": "work.inspectionitem", "pk": 67, "fields": {"title": "건축물의 바깥쪽으로 설치하는 경우 추락방호망의 내민 길이는 벽면으로부터 3m 이상으로 설치되었는가", "categoryId": 8, "equipment": "2"}}, {"model": "work.inspectionitem", "pk": 68, "fields": {"title": "가설통로(계단)는 수평거리 30m마다 적절히 설치되었는가", "categoryId": 9, "equipment": "2"}}, {"model": "work.inspectionitem", "pk": 69, "fields": {"title": "가설통로(계단)의 높이 3m 이내마다 계단참이 설치되었는가", "categoryId": 9, "equipment": "2"}}, {"model": "work.inspectionitem", "pk": 70, "fields": {"title": "가설 통로(사다리)는 적절히 고정되었는가", "categoryId": 9, "equipment": "2"}}, {"model": "work.inspectionitem", "pk": 71, "fields": {"title": "모든 경사로는 폭 90cm 이상으로 설치되었는가", "categoryId": 10, "equipment": "2"}}, {"model": "work.inspectionitem", "pk": 72, "fields": {"title": "모든 경사로의 경사각은 30˚이하로 설치되었는가", "categoryId": 10, "equipment": "2"}}, {"model": "work.inspectionitem", "pk": 73, "fields": {"title": "모든 경사로에 미끄럼막이가 적절한 간격으로 설치되었는가", "categoryId": 10, "equipment": "2"}}, {"model": "work.inspectionitem", "pk": 74, "fields": {"title": "모든 시스템 비계는 구조검토가 완료된 조립도에 따라 설치되었는가", "categoryId": 11, "equipment": "2"}}, {"model": "work.inspectionitem", "pk": 75, "fields": {"title": "작업 중 모든 작업자는 적절한 개인보호구(안전대, 안전모 등)를 착용하였는가", "categoryId": 11, "equipment": "2"}}, {"model": "work.inspectionitem", "pk": 76, "fields": {"title": "작업 중 작업지휘자는 적절히 배치되었는가", "categoryId": 11, "equipment": "2"}}, {"model": "work.inspectionitem", "pk": 77, "fields": {"title": "작업 중 작업상황 표지판은 적절히 설치되었는가", "categoryId": 11, "equipment": "2"}}, {"model": "work.inspectionitem", "pk": 78, "fields": {"title": "가설기자재 반입 및 반출, 작업공간에서 작업시 안전한 이격거리가 확보되었는가", "categoryId": 11, "equipment": "2"}}, {"model": "work.inspectionitem", "pk": 79, "fields": {"title": "동일 수직면상 상하 동시작업이 없도록 적절한 조치가 이루어졌는가", "categoryId": 11, "equipment": "2"}}, {"model": "work.inspectionitem", "pk": 80, "fields": {"title": "자재 낙하에 의한 위험 예방 조치가 이루어졌는가", "categoryId": 11, "equipment": "2"}}, {"model": "work.inspectionitem", "pk": 81, "fields": {"title": "모든 수직재-수평재는 직교한가", "categoryId": 12, "equipment": "3"}}, {"model": "work.inspectionitem", "pk": 82, "fields": {"title": "모든 수직재-수직재의 연결부위는 탈락이나 꺾임이 없는가", "categoryId": 12, "equipment": "3"}}, {"model": "work.inspectionitem", "pk": 83, "fields": {"title": "모든 가새재-수직재 또는 가새재-수평재의 연결부위는 탈락이나 꺾임이 없는가", "categoryId": 12, "equipment": "3"}}, {"model": "work.inspectionitem", "pk": 84, "fields": {"title": "모든 최상부 수직재는 U 헤드 잭과 밀착되도록 설치되었는가", "categoryId": 12, "equipment": "3"}}, {"model": "work.inspectionitem", "pk": 85, "fields": {"title": "모든 최하부 수직재는 받침철물과 밀착되도록 설치되었는가", "categoryId": 12, "equipment": "3"}}, {"model": "work.inspectionitem", "pk": 86, "fields": {"title": "모든 수직재와 받침철물의 겹침길이는 받침철물 전체길이의 3분의 1이상으로 설치되었는가", "categoryId": 12, "equipment": "3"}}, {"model": "work.inspectionitem", "pk": 87, "fields": {"title": "모든 멍에는 U 헤드의 중심에 설치되었는가", "categoryId": 13, "equipment": "3"}}, {"model": "work.inspectionitem", "pk": 88, "fields": {"title": "모든 멍에는 U 헤드에서 이탈되지 않도록 고정되었는가", "categoryId": 13, "equipment": "3"}}, {"model": "work.inspectionitem", "pk": 89, "fields": {"title": "경사면에 설치되는 모든 U 헤드는 쐐기 등의 보강 조치가 되었는가", "categoryId": 13, "equipment": "3"}}, {"model": "work.inspectionitem", "pk": 90, "fields": {"title": "모든 U 헤드의 변형방지를 위해 수직재의 겹침길이는 120mm 이상으로 설치되었는가", "categoryId": 13, "equipment": "3"}}, {"model": "work.inspectionitem", "pk": 91, "fields": {"title": "모든 작업발판은 2개 이상의 지지물에 고정되었는가", "categoryId": 6, "equipment": "3"}}, {"model": "work.inspectionitem", "pk": 92, "fields": {"title": "모든 작업발판 폭은 40cm 이상으로 설치되었는가", "categoryId": 6, "equipment": "3"}}, {"model": "work.inspectionitem", "pk": 93, "fields": {"title": "모든 작업발판 틈새는 3cm 이하로 설치되었는가", "categoryId": 6, "equipment": "3"}}, {"model": "work.inspectionitem", "pk": 94, "fields": {"title": "모든 작업발판의 돌출길이는 10cm 이상 20cm 이하로 설치되었는가", "categoryId": 6, "equipment": "3"}}, {"model": "work.inspectionitem", "pk": 95, "fields": {"title": "작업발판의 최대적재하중이 표기된 표지판은 적절히 설치되었는가", "categoryId": 6, "equipment": "3"}}, {"model": "work.inspectionitem", "pk": 96, "fields": {"title": "모든 안전난간대는 비계기둥 안쪽에 설치되었는가", "categoryId": 7, "equipment": "3"}}, {"model": "work.inspectionitem", "pk": 97, "fields": {"title": "모든 안전난간대의 상부 난간대는 바닥면으로부터 0.9m 이상, 1.2m 이하의 높이로 설치되었는가", "categoryId": 7, "equipment": "3"}}, {"model": "work.inspectionitem", "pk": 98, "fields": {"title": "모든 안전난간대의 중간 난간대는 상부 난간대와 바닥면의 중앙부에 설치되었는가", "categoryId": 7, "equipment": "3"}}, {"model": "work.inspectionitem", "pk": 99, "fields": {"title": "모든 추락방호망은 작업면으로부터 망의 설치지점까지 수직거리가 10m를 초과하지 않게 설치되었는가", "categoryId": 8, "equipment": "3"}}, {"model": "work.inspectionitem", "pk": 100, "fields": {"title": "모든 추락방호망은 수평으로 설치되고, 망의 처짐은 짧은 변 길이의 12% 이상이 되도록 설치되었는가", "categoryId": 8, "equipment": "3"}}, {"model": "work.inspectionitem", "pk": 101, "fields": {"title": "건축물의 바깥쪽으로 설치하는 경우 추락방호망의 내민 길이는 벽면으로부터 3m 이상으로 설치되었는가", "categoryId": 8, "equipment": "3"}}, {"model": "work.inspectionitem", "pk": 102, "fields": {"title": "가설통로(계단)는 수평거리 30m마다 적절히 설치되었는가", "categoryId": 9, "equipment": "3"}}, {"model": "work.inspectionitem", "pk": 103, "fields": {"title": "가설통로(계단)의 높이 3m 이내마다 계단참이 설치되었는가", "categoryId": 9, "equipment": "3"}}, {"model": "work.inspectionitem", "pk": 104, "fields": {"title": "가설 통로(사다리)는 적절히 고정되었는가", "categoryId": 9, "equipment": "3"}}, {"model": "work.inspectionitem", "pk": 105, "fields": {"title": "모든 경사로는 폭 90cm 이상으로 설치되었는가", "categoryId": 10, "equipment": "3"}}, {"model": "work.inspectionitem", "pk": 106, "fields": {"title": "모든 경사로의 경사각은 30˚이하로 설치되었는가", "categoryId": 10, "equipment": "3"}}, {"model": "work.inspectionitem", "pk": 107, "fields": {"title": "모든 경사로에 미끄럼막이가 적절한 간격으로 설치되었는가", "categoryId": 10, "equipment": "3"}}, {"model": "work.inspectionitem", "pk": 108, "fields": {"title": "모든 시스템 동바리는 구조검토가 완료된 조립도에 따라 설치되었는가", "categoryId": 11, "equipment": "3"}}, {"model": "work.inspectionitem", "pk": 109, "fields": {"title": "작업 중 모든 작업자는 적절한 개인보호구(안전대, 안전모 등)를 착용하였는가", "categoryId": 11, "equipment": "3"}}, {"model": "work.inspectionitem", "pk": 110, "fields": {"title": "작업 중 작업지휘자는 적절히 배치되었는가", "categoryId": 11, "equipment": "3"}}, {"model": "work.inspectionitem", "pk": 111, "fields": {"title": "작업 중 작업상황 표지판은 적절히 설치되었는가", "categoryId": 11, "equipment": "3"}}, {"model": "work.inspectionitem", "pk": 112, "fields": {"title": "가설기자재 반입 및 반출, 작업공간에서 작업시 안전한 이격거리가 확보되었는가", "categoryId": 11, "equipment": "3"}}, {"model": "work.inspectionitem", "pk": 113, "fields": {"title": "동일 수직면상 상하 동시작업이 없도록 적절한 조치가 이루어졌는가", "categoryId": 11, "equipment": "3"}}, {"model": "work.inspectionitem", "pk": 114, "fields": {"title": "자재 낙하에 의한 위험 예방 조치가 이루어졌는가", "categoryId": 11, "equipment": "3"}}, {"model": "system_manager.equipmenttypes", "pk": 1, "fields": {"type": "강관 비계", "isActive": false}}, {"model": "system_manager.equipmenttypes", "pk": 2, "fields": {"type": "시스템 비계", "isActive": false}}, {"model": "system_manager.equipmenttypes", "pk": 3, "fields": {"type": "시스템 동바리", "isActive": false}}, {"model": "system_manager.installlocateclass1", "pk": 1, "fields": {"class1": "인천"}}, {"model": "system_manager.installlocateclass1", "pk": 2, "fields": {"class1": "경기"}}, {"model": "system_manager.installlocateclass2", "pk": 1, "fields": {"class1": 1, "class2": "서구"}}, {"model": "system_manager.installlocateclass2", "pk": 2, "fields": {"class1": 1, "class2": "동구"}}, {"model": "system_manager.installlocateclass2", "pk": 3, "fields": {"class1": 2, "class2": "양주"}}, {"model": "system_manager.installlocateclass2", "pk": 4, "fields": {"class1": 2, "class2": "의정부"}}, {"model": "system_manager.installlocate", "pk": 1, "fields": {"class2": 1, "class3": "인천서구", "isApply": false}}, {"model": "system_manager.installlocate", "pk": 2, "fields": {"class2": 2, "class3": "인천동구", "isApply": false}}, {"model": "system_manager.installlocate", "pk": 3, "fields": {"class2": 3, "class3": "경기양주", "isApply": false}}, {"model": "system_manager.installlocate", "pk": 4, "fields": {"class2": 4, "class3": "경기의정부", "isApply": false}}, {"model": "user.customuser", "pk": 1, "fields": {"password": "pbkdf2_sha256$320000$rfDYofpEntZM0FXBzqSltP$sHNrBXV6zb9Gja+7ahRv7iACsjFZ2shldELRm7uOeEs=", "last_login": "2022-03-04T01:54:28.177Z", "is_superuser": false, "username": "jjy1229", "email": "sadf@naver.com", "is_staff": false, "is_active": true, "date_joined": "2022-03-04T01:52:14.620Z", "name": "장지영", "class1": "", "class2": "", "class3": "", "company": "", "phone": "010-8123-1235", "signImage": "signature/jjy12295e18f6d358efe30c08357cd8e7a3a5b2.jpg", "is_system_manager": true, "register": true, "groups": [], "user_permissions": []}}, {"model": "user.customuser", "pk": 2, "fields": {"password": "pbkdf2_sha256$320000$G4JXyV9lMB2PDM7LgTvZxs$UqaAmijA9kTTnG2ExX1VB2QKV79N1OmUbZdVjUyPFBI=", "last_login": null, "is_superuser": false, "username": "gmanager1234", "email": "zxca@naver.com", "is_staff": false, "is_active": true, "date_joined": "2022-03-04T01:52:43.990Z", "name": "홍길동", "class1": "종합건설업체", "class2": "일반 관리자", "class3": "시공 관리자", "company": "일관회사", "phone": "010-1234-5678", "signImage": "signature/gmanager1234ac0821eb729abffff28ad8b11153455e.jpg", "is_system_manager": false, "register": true, "groups": [], "user_permissions": []}}, {"model": "user.customuser", "pk": 3, "fields": {"password": "pbkdf2_sha256$320000$3V7FQOLHrOiGEZigUWJk8G$fdqOKM9tuZS4VRTLHgHEyq/8ckeG61lfYrAuqrtvLns=", "last_login": null, "is_superuser": false, "username": "fmanager1234", "email": "zvsdd@naver.com", "is_staff": false, "is_active": true, "date_joined": "2022-03-04T01:53:14.150Z", "name": "이순신", "class1": "종합건설업체", "class2": "현장 대리인", "class3": "시공 관리자", "company": "현대사업", "phone": "010-1234-5678", "signImage": "signature/fmanager1234f24f15e5fe166d2b7d46023b5268e60c.jpg", "is_system_manager": false, "register": true, "groups": [], "user_permissions": []}}, {"model": "user.customuser", "pk": 4, "fields": {"password": "pbkdf2_sha256$320000$MLS0PDsTdnWA0NTo5NNbqD$Pe8l9gqON/5QcqryYwwhrC+Qf9vZcAiWMq9diDh4HVw=", "last_login": null, "is_superuser": false, "username": "gcpmt", "email": "zsdxf@naver.com", "is_staff": false, "is_active": true, "date_joined": "2022-03-04T01:53:51.500Z", "name": "유관순", "class1": "감리 및 CM 업체", "class2": "일반 건설사업관리기술인", "class3": "시공 관리자", "company": "일관회사", "phone": "010-1234-5678", "signImage": "signature/gcpmtfec3c5d173713bc25eb03584bfa9d16b.jpg", "is_system_manager": false, "register": true, "groups": [], "user_permissions": []}}, {"model": "user.customuser", "pk": 5, "fields": {"password": "pbkdf2_sha256$320000$tSJwwWQ0kTgghIOKkWQp4g$aW6DFEUV9c67oRUCK42g+FDpMzDko37T59DXS5tlmVU=", "last_login": null, "is_superuser": false, "username": "tcpmt", "email": "zdfswf@naver.com", "is_staff": false, "is_active": true, "date_joined": "2022-03-04T01:54:21.430Z", "name": "김구", "class1": "감리 및 CM 업체", "class2": "총괄 건설사업관리기술인", "class3": "시공 관리자", "company": "총건인", "phone": "010-1234-5678", "signImage": "signature/tcpmtf9034c61608b5687a860461a33ba74bc.jpg", "is_system_manager": false, "register": true, "groups": [], "user_permissions": []}}, {"model": "auth.permission", "pk": 1, "fields": {"name": "Can add before inspection item", "content_type": 1, "codename": "add_beforeinspectionitem"}}, {"model": "auth.permission", "pk": 2, "fields": {"name": "Can change before inspection item", "content_type": 1, "codename": "change_beforeinspectionitem"}}, {"model": "auth.permission", "pk": 3, "fields": {"name": "Can delete before inspection item", "content_type": 1, "codename": "delete_beforeinspectionitem"}}, {"model": "auth.permission", "pk": 4, "fields": {"name": "Can view before inspection item", "content_type": 1, "codename": "view_beforeinspectionitem"}}, {"model": "auth.permission", "pk": 5, "fields": {"name": "Can add before measure", "content_type": 2, "codename": "add_beforemeasure"}}, {"model": "auth.permission", "pk": 6, "fields": {"name": "Can change before measure", "content_type": 2, "codename": "change_beforemeasure"}}, {"model": "auth.permission", "pk": 7, "fields": {"name": "Can delete before measure", "content_type": 2, "codename": "delete_beforemeasure"}}, {"model": "auth.permission", "pk": 8, "fields": {"name": "Can view before measure", "content_type": 2, "codename": "view_beforemeasure"}}, {"model": "auth.permission", "pk": 9, "fields": {"name": "Can add inspection item", "content_type": 3, "codename": "add_inspectionitem"}}, {"model": "auth.permission", "pk": 10, "fields": {"name": "Can change inspection item", "content_type": 3, "codename": "change_inspectionitem"}}, {"model": "auth.permission", "pk": 11, "fields": {"name": "Can delete inspection item", "content_type": 3, "codename": "delete_inspectionitem"}}, {"model": "auth.permission", "pk": 12, "fields": {"name": "Can view inspection item", "content_type": 3, "codename": "view_inspectionitem"}}, {"model": "auth.permission", "pk": 13, "fields": {"name": "Can add inspection item category", "content_type": 4, "codename": "add_inspectionitemcategory"}}, {"model": "auth.permission", "pk": 14, "fields": {"name": "Can change inspection item category", "content_type": 4, "codename": "change_inspectionitemcategory"}}, {"model": "auth.permission", "pk": 15, "fields": {"name": "Can delete inspection item category", "content_type": 4, "codename": "delete_inspectionitemcategory"}}, {"model": "auth.permission", "pk": 16, "fields": {"name": "Can view inspection item category", "content_type": 4, "codename": "view_inspectionitemcategory"}}, {"model": "auth.permission", "pk": 17, "fields": {"name": "Can add material supply report", "content_type": 5, "codename": "add_materialsupplyreport"}}, {"model": "auth.permission", "pk": 18, "fields": {"name": "Can change material supply report", "content_type": 5, "codename": "change_materialsupplyreport"}}, {"model": "auth.permission", "pk": 19, "fields": {"name": "Can delete material supply report", "content_type": 5, "codename": "delete_materialsupplyreport"}}, {"model": "auth.permission", "pk": 20, "fields": {"name": "Can view material supply report", "content_type": 5, "codename": "view_materialsupplyreport"}}, {"model": "auth.permission", "pk": 21, "fields": {"name": "Can add measure", "content_type": 6, "codename": "add_measure"}}, {"model": "auth.permission", "pk": 22, "fields": {"name": "Can change measure", "content_type": 6, "codename": "change_measure"}}, {"model": "auth.permission", "pk": 23, "fields": {"name": "Can delete measure", "content_type": 6, "codename": "delete_measure"}}, {"model": "auth.permission", "pk": 24, "fields": {"name": "Can view measure", "content_type": 6, "codename": "view_measure"}}, {"model": "auth.permission", "pk": 25, "fields": {"name": "Can add safety check type", "content_type": 7, "codename": "add_safetychecktype"}}, {"model": "auth.permission", "pk": 26, "fields": {"name": "Can change safety check type", "content_type": 7, "codename": "change_safetychecktype"}}, {"model": "auth.permission", "pk": 27, "fields": {"name": "Can delete safety check type", "content_type": 7, "codename": "delete_safetychecktype"}}, {"model": "auth.permission", "pk": 28, "fields": {"name": "Can view safety check type", "content_type": 7, "codename": "view_safetychecktype"}}, {"model": "auth.permission", "pk": 29, "fields": {"name": "Can add supply list", "content_type": 8, "codename": "add_supplylist"}}, {"model": "auth.permission", "pk": 30, "fields": {"name": "Can change supply list", "content_type": 8, "codename": "change_supplylist"}}, {"model": "auth.permission", "pk": 31, "fields": {"name": "Can delete supply list", "content_type": 8, "codename": "delete_supplylist"}}, {"model": "auth.permission", "pk": 32, "fields": {"name": "Can view supply list", "content_type": 8, "codename": "view_supplylist"}}, {"model": "auth.permission", "pk": 33, "fields": {"name": "Can add safety report", "content_type": 9, "codename": "add_safetyreport"}}, {"model": "auth.permission", "pk": 34, "fields": {"name": "Can change safety report", "content_type": 9, "codename": "change_safetyreport"}}, {"model": "auth.permission", "pk": 35, "fields": {"name": "Can delete safety report", "content_type": 9, "codename": "delete_safetyreport"}}, {"model": "auth.permission", "pk": 36, "fields": {"name": "Can view safety report", "content_type": 9, "codename": "view_safetyreport"}}, {"model": "auth.permission", "pk": 37, "fields": {"name": "Can add safety check menu", "content_type": 10, "codename": "add_safetycheckmenu"}}, {"model": "auth.permission", "pk": 38, "fields": {"name": "Can change safety check menu", "content_type": 10, "codename": "change_safetycheckmenu"}}, {"model": "auth.permission", "pk": 39, "fields": {"name": "Can delete safety check menu", "content_type": 10, "codename": "delete_safetycheckmenu"}}, {"model": "auth.permission", "pk": 40, "fields": {"name": "Can view safety check menu", "content_type": 10, "codename": "view_safetycheckmenu"}}, {"model": "auth.permission", "pk": 41, "fields": {"name": "Can add safety check list", "content_type": 11, "codename": "add_safetychecklist"}}, {"model": "auth.permission", "pk": 42, "fields": {"name": "Can change safety check list", "content_type": 11, "codename": "change_safetychecklist"}}, {"model": "auth.permission", "pk": 43, "fields": {"name": "Can delete safety check list", "content_type": 11, "codename": "delete_safetychecklist"}}, {"model": "auth.permission", "pk": 44, "fields": {"name": "Can view safety check list", "content_type": 11, "codename": "view_safetychecklist"}}, {"model": "auth.permission", "pk": 45, "fields": {"name": "Can add quality performance report", "content_type": 12, "codename": "add_qualityperformancereport"}}, {"model": "auth.permission", "pk": 46, "fields": {"name": "Can change quality performance report", "content_type": 12, "codename": "change_qualityperformancereport"}}, {"model": "auth.permission", "pk": 47, "fields": {"name": "Can delete quality performance report", "content_type": 12, "codename": "delete_qualityperformancereport"}}, {"model": "auth.permission", "pk": 48, "fields": {"name": "Can view quality performance report", "content_type": 12, "codename": "view_qualityperformancereport"}}, {"model": "auth.permission", "pk": 49, "fields": {"name": "Can add quality performance file", "content_type": 13, "codename": "add_qualityperformancefile"}}, {"model": "auth.permission", "pk": 50, "fields": {"name": "Can change quality performance file", "content_type": 13, "codename": "change_qualityperformancefile"}}, {"model": "auth.permission", "pk": 51, "fields": {"name": "Can delete quality performance file", "content_type": 13, "codename": "delete_qualityperformancefile"}}, {"model": "auth.permission", "pk": 52, "fields": {"name": "Can view quality performance file", "content_type": 13, "codename": "view_qualityperformancefile"}}, {"model": "auth.permission", "pk": 53, "fields": {"name": "Can add quality performance", "content_type": 14, "codename": "add_qualityperformance"}}, {"model": "auth.permission", "pk": 54, "fields": {"name": "Can change quality performance", "content_type": 14, "codename": "change_qualityperformance"}}, {"model": "auth.permission", "pk": 55, "fields": {"name": "Can delete quality performance", "content_type": 14, "codename": "delete_qualityperformance"}}, {"model": "auth.permission", "pk": 56, "fields": {"name": "Can view quality performance", "content_type": 14, "codename": "view_qualityperformance"}}, {"model": "auth.permission", "pk": 57, "fields": {"name": "Can add quality inspection request", "content_type": 15, "codename": "add_qualityinspectionrequest"}}, {"model": "auth.permission", "pk": 58, "fields": {"name": "Can change quality inspection request", "content_type": 15, "codename": "change_qualityinspectionrequest"}}, {"model": "auth.permission", "pk": 59, "fields": {"name": "Can delete quality inspection request", "content_type": 15, "codename": "delete_qualityinspectionrequest"}}, {"model": "auth.permission", "pk": 60, "fields": {"name": "Can view quality inspection request", "content_type": 15, "codename": "view_qualityinspectionrequest"}}, {"model": "auth.permission", "pk": 61, "fields": {"name": "Can add install check list", "content_type": 16, "codename": "add_installchecklist"}}, {"model": "auth.permission", "pk": 62, "fields": {"name": "Can change install check list", "content_type": 16, "codename": "change_installchecklist"}}, {"model": "auth.permission", "pk": 63, "fields": {"name": "Can delete install check list", "content_type": 16, "codename": "delete_installchecklist"}}, {"model": "auth.permission", "pk": 64, "fields": {"name": "Can view install check list", "content_type": 16, "codename": "view_installchecklist"}}, {"model": "auth.permission", "pk": 65, "fields": {"name": "Can add inspection result", "content_type": 17, "codename": "add_inspectionresult"}}, {"model": "auth.permission", "pk": 66, "fields": {"name": "Can change inspection result", "content_type": 17, "codename": "change_inspectionresult"}}, {"model": "auth.permission", "pk": 67, "fields": {"name": "Can delete inspection result", "content_type": 17, "codename": "delete_inspectionresult"}}, {"model": "auth.permission", "pk": 68, "fields": {"name": "Can view inspection result", "content_type": 17, "codename": "view_inspectionresult"}}, {"model": "auth.permission", "pk": 69, "fields": {"name": "Can add before install check list", "content_type": 18, "codename": "add_beforeinstallchecklist"}}, {"model": "auth.permission", "pk": 70, "fields": {"name": "Can change before install check list", "content_type": 18, "codename": "change_beforeinstallchecklist"}}, {"model": "auth.permission", "pk": 71, "fields": {"name": "Can delete before install check list", "content_type": 18, "codename": "delete_beforeinstallchecklist"}}, {"model": "auth.permission", "pk": 72, "fields": {"name": "Can view before install check list", "content_type": 18, "codename": "view_beforeinstallchecklist"}}, {"model": "auth.permission", "pk": 73, "fields": {"name": "Can add before inspection result", "content_type": 19, "codename": "add_beforeinspectionresult"}}, {"model": "auth.permission", "pk": 74, "fields": {"name": "Can change before inspection result", "content_type": 19, "codename": "change_beforeinspectionresult"}}, {"model": "auth.permission", "pk": 75, "fields": {"name": "Can delete before inspection result", "content_type": 19, "codename": "delete_beforeinspectionresult"}}, {"model": "auth.permission", "pk": 76, "fields": {"name": "Can view before inspection result", "content_type": 19, "codename": "view_beforeinspectionresult"}}, {"model": "auth.permission", "pk": 77, "fields": {"name": "Can add field", "content_type": 20, "codename": "add_field"}}, {"model": "auth.permission", "pk": 78, "fields": {"name": "Can change field", "content_type": 20, "codename": "change_field"}}, {"model": "auth.permission", "pk": 79, "fields": {"name": "Can delete field", "content_type": 20, "codename": "delete_field"}}, {"model": "auth.permission", "pk": 80, "fields": {"name": "Can view field", "content_type": 20, "codename": "view_field"}}, {"model": "auth.permission", "pk": 81, "fields": {"name": "Can add construct manager", "content_type": 21, "codename": "add_constructmanager"}}, {"model": "auth.permission", "pk": 82, "fields": {"name": "Can change construct manager", "content_type": 21, "codename": "change_constructmanager"}}, {"model": "auth.permission", "pk": 83, "fields": {"name": "Can delete construct manager", "content_type": 21, "codename": "delete_constructmanager"}}, {"model": "auth.permission", "pk": 84, "fields": {"name": "Can view construct manager", "content_type": 21, "codename": "view_constructmanager"}}, {"model": "auth.permission", "pk": 85, "fields": {"name": "Can add equipment types", "content_type": 22, "codename": "add_equipmenttypes"}}, {"model": "auth.permission", "pk": 86, "fields": {"name": "Can change equipment types", "content_type": 22, "codename": "change_equipmenttypes"}}, {"model": "auth.permission", "pk": 87, "fields": {"name": "Can delete equipment types", "content_type": 22, "codename": "delete_equipmenttypes"}}, {"model": "auth.permission", "pk": 88, "fields": {"name": "Can view equipment types", "content_type": 22, "codename": "view_equipmenttypes"}}, {"model": "auth.permission", "pk": 89, "fields": {"name": "Can add install locate class1", "content_type": 23, "codename": "add_installlocateclass1"}}, {"model": "auth.permission", "pk": 90, "fields": {"name": "Can change install locate class1", "content_type": 23, "codename": "change_installlocateclass1"}}, {"model": "auth.permission", "pk": 91, "fields": {"name": "Can delete install locate class1", "content_type": 23, "codename": "delete_installlocateclass1"}}, {"model": "auth.permission", "pk": 92, "fields": {"name": "Can view install locate class1", "content_type": 23, "codename": "view_installlocateclass1"}}, {"model": "auth.permission", "pk": 93, "fields": {"name": "Can add install locate class2", "content_type": 24, "codename": "add_installlocateclass2"}}, {"model": "auth.permission", "pk": 94, "fields": {"name": "Can change install locate class2", "content_type": 24, "codename": "change_installlocateclass2"}}, {"model": "auth.permission", "pk": 95, "fields": {"name": "Can delete install locate class2", "content_type": 24, "codename": "delete_installlocateclass2"}}, {"model": "auth.permission", "pk": 96, "fields": {"name": "Can view install locate class2", "content_type": 24, "codename": "view_installlocateclass2"}}, {"model": "auth.permission", "pk": 97, "fields": {"name": "Can add install locate", "content_type": 25, "codename": "add_installlocate"}}, {"model": "auth.permission", "pk": 98, "fields": {"name": "Can change install locate", "content_type": 25, "codename": "change_installlocate"}}, {"model": "auth.permission", "pk": 99, "fields": {"name": "Can delete install locate", "content_type": 25, "codename": "delete_installlocate"}}, {"model": "auth.permission", "pk": 100, "fields": {"name": "Can view install locate", "content_type": 25, "codename": "view_installlocate"}}, {"model": "auth.permission", "pk": 101, "fields": {"name": "Can add docs file", "content_type": 26, "codename": "add_docsfile"}}, {"model": "auth.permission", "pk": 102, "fields": {"name": "Can change docs file", "content_type": 26, "codename": "change_docsfile"}}, {"model": "auth.permission", "pk": 103, "fields": {"name": "Can delete docs file", "content_type": 26, "codename": "delete_docsfile"}}, {"model": "auth.permission", "pk": 104, "fields": {"name": "Can view docs file", "content_type": 26, "codename": "view_docsfile"}}, {"model": "auth.permission", "pk": 105, "fields": {"name": "Can add user", "content_type": 27, "codename": "add_customuser"}}, {"model": "auth.permission", "pk": 106, "fields": {"name": "Can change user", "content_type": 27, "codename": "change_customuser"}}, {"model": "auth.permission", "pk": 107, "fields": {"name": "Can delete user", "content_type": 27, "codename": "delete_customuser"}}, {"model": "auth.permission", "pk": 108, "fields": {"name": "Can view user", "content_type": 27, "codename": "view_customuser"}}, {"model": "auth.permission", "pk": 109, "fields": {"name": "Can add log entry", "content_type": 28, "codename": "add_logentry"}}, {"model": "auth.permission", "pk": 110, "fields": {"name": "Can change log entry", "content_type": 28, "codename": "change_logentry"}}, {"model": "auth.permission", "pk": 111, "fields": {"name": "Can delete log entry", "content_type": 28, "codename": "delete_logentry"}}, {"model": "auth.permission", "pk": 112, "fields": {"name": "Can view log entry", "content_type": 28, "codename": "view_logentry"}}, {"model": "auth.permission", "pk": 113, "fields": {"name": "Can add permission", "content_type": 29, "codename": "add_permission"}}, {"model": "auth.permission", "pk": 114, "fields": {"name": "Can change permission", "content_type": 29, "codename": "change_permission"}}, {"model": "auth.permission", "pk": 115, "fields": {"name": "Can delete permission", "content_type": 29, "codename": "delete_permission"}}, {"model": "auth.permission", "pk": 116, "fields": {"name": "Can view permission", "content_type": 29, "codename": "view_permission"}}, {"model": "auth.permission", "pk": 117, "fields": {"name": "Can add group", "content_type": 30, "codename": "add_group"}}, {"model": "auth.permission", "pk": 118, "fields": {"name": "Can change group", "content_type": 30, "codename": "change_group"}}, {"model": "auth.permission", "pk": 119, "fields": {"name": "Can delete group", "content_type": 30, "codename": "delete_group"}}, {"model": "auth.permission", "pk": 120, "fields": {"name": "Can view group", "content_type": 30, "codename": "view_group"}}, {"model": "auth.permission", "pk": 121, "fields": {"name": "Can add content type", "content_type": 31, "codename": "add_contenttype"}}, {"model": "auth.permission", "pk": 122, "fields": {"name": "Can change content type", "content_type": 31, "codename": "change_contenttype"}}, {"model": "auth.permission", "pk": 123, "fields": {"name": "Can delete content type", "content_type": 31, "codename": "delete_contenttype"}}, {"model": "auth.permission", "pk": 124, "fields": {"name": "Can view content type", "content_type": 31, "codename": "view_contenttype"}}, {"model": "auth.permission", "pk": 125, "fields": {"name": "Can add session", "content_type": 32, "codename": "add_session"}}, {"model": "auth.permission", "pk": 126, "fields": {"name": "Can change session", "content_type": 32, "codename": "change_session"}}, {"model": "auth.permission", "pk": 127, "fields": {"name": "Can delete session", "content_type": 32, "codename": "delete_session"}}, {"model": "auth.permission", "pk": 128, "fields": {"name": "Can view session", "content_type": 32, "codename": "view_session"}}, {"model": "contenttypes.contenttype", "pk": 1, "fields": {"app_label": "work", "model": "beforeinspectionitem"}}, {"model": "contenttypes.contenttype", "pk": 2, "fields": {"app_label": "work", "model": "beforemeasure"}}, {"model": "contenttypes.contenttype", "pk": 3, "fields": {"app_label": "work", "model": "inspectionitem"}}, {"model": "contenttypes.contenttype", "pk": 4, "fields": {"app_label": "work", "model": "inspectionitemcategory"}}, {"model": "contenttypes.contenttype", "pk": 5, "fields": {"app_label": "work", "model": "materialsupplyreport"}}, {"model": "contenttypes.contenttype", "pk": 6, "fields": {"app_label": "work", "model": "measure"}}, {"model": "contenttypes.contenttype", "pk": 7, "fields": {"app_label": "work", "model": "safetychecktype"}}, {"model": "contenttypes.contenttype", "pk": 8, "fields": {"app_label": "work", "model": "supplylist"}}, {"model": "contenttypes.contenttype", "pk": 9, "fields": {"app_label": "work", "model": "safetyreport"}}, {"model": "contenttypes.contenttype", "pk": 10, "fields": {"app_label": "work", "model": "safetycheckmenu"}}, {"model": "contenttypes.contenttype", "pk": 11, "fields": {"app_label": "work", "model": "safetychecklist"}}, {"model": "contenttypes.contenttype", "pk": 12, "fields": {"app_label": "work", "model": "qualityperformancereport"}}, {"model": "contenttypes.contenttype", "pk": 13, "fields": {"app_label": "work", "model": "qualityperformancefile"}}, {"model": "contenttypes.contenttype", "pk": 14, "fields": {"app_label": "work", "model": "qualityperformance"}}, {"model": "contenttypes.contenttype", "pk": 15, "fields": {"app_label": "work", "model": "qualityinspectionrequest"}}, {"model": "contenttypes.contenttype", "pk": 16, "fields": {"app_label": "work", "model": "installchecklist"}}, {"model": "contenttypes.contenttype", "pk": 17, "fields": {"app_label": "work", "model": "inspectionresult"}}, {"model": "contenttypes.contenttype", "pk": 18, "fields": {"app_label": "work", "model": "beforeinstallchecklist"}}, {"model": "contenttypes.contenttype", "pk": 19, "fields": {"app_label": "work", "model": "beforeinspectionresult"}}, {"model": "contenttypes.contenttype", "pk": 20, "fields": {"app_label": "system_manager", "model": "field"}}, {"model": "contenttypes.contenttype", "pk": 21, "fields": {"app_label": "system_manager", "model": "constructmanager"}}, {"model": "contenttypes.contenttype", "pk": 22, "fields": {"app_label": "system_manager", "model": "equipmenttypes"}}, {"model": "contenttypes.contenttype", "pk": 23, "fields": {"app_label": "system_manager", "model": "installlocateclass1"}}, {"model": "contenttypes.contenttype", "pk": 24, "fields": {"app_label": "system_manager", "model": "installlocateclass2"}}, {"model": "contenttypes.contenttype", "pk": 25, "fields": {"app_label": "system_manager", "model": "installlocate"}}, {"model": "contenttypes.contenttype", "pk": 26, "fields": {"app_label": "system_manager", "model": "docsfile"}}, {"model": "contenttypes.contenttype", "pk": 27, "fields": {"app_label": "user", "model": "customuser"}}, {"model": "contenttypes.contenttype", "pk": 28, "fields": {"app_label": "admin", "model": "logentry"}}, {"model": "contenttypes.contenttype", "pk": 29, "fields": {"app_label": "auth", "model": "permission"}}, {"model": "contenttypes.contenttype", "pk": 30, "fields": {"app_label": "auth", "model": "group"}}, {"model": "contenttypes.contenttype", "pk": 31, "fields": {"app_label": "contenttypes", "model": "contenttype"}}, {"model": "contenttypes.contenttype", "pk": 32, "fields": {"app_label": "sessions", "model": "session"}}, {"model": "sessions.session", "pk": "fyw8frgr46lhdiqzebqofrdh8ov4eg85", "fields": {"session_data": ".eJxVjMsOwiAUBf-FtSHQ8tKle7-B3AdI1UBS2pXx322TLnQ7M-e8RYR1KXHtaY4Ti4vQ4vTLEOiZ6i74AfXeJLW6zBPKPZGH7fLWOL2uR_t3UKCXbQ024JBNAJsxaQvoE44A5AfvII_GK9qA4gCYnQlnVtoRa1LBWBXIiM8XDCQ4gQ:1nPx9I:FQ2Ms_t7GInwCzJiLltOYQn8yo32qH5R0qqHF6RSAyU", "expire_date": "2022-03-18T01:54:28.192Z"}}]